clientId,clientCreditScore,debtToIncomeRatio,incomeStabilityIndex,repaymentSuccessRate,loanPrincipal,localGdpIndex,localUnemploymentRate,demographicGroup,languageCode,interestRate,didDefault
1,0.653876322375438,0.0894586666146478,0.614985610631951,0.6222406340948696,9735.934568137225,0.5049800034521937,0.5773736580348469,0,0,0.11959230225308763,0
2,0.750496928841677,0.5269946648673333,0.6815645164585383,0.9424909560381771,6711.192649713353,0.47080077385733227,0.05511556226380362,1,0,0.08452369705510156,1
3,0.7958629256291508,0.3574793373410348,0.6377573422053546,0.9079885359739548,6110.648330707989,0.35305582952803155,0.27207441281339934,1,1,0.23388627541443968,0
4,0.724270226866912,0.42764243147629444,0.4123814964570472,0.7105383977205233,2447.328132809338,0.4962676620950264,0.22160445825646757,0,1,0.16136229181412537,1
5,0.8260214875522387,0.42278769729005133,0.2758929562557655,0.785683318710019,722.9149884038701,0.4681569675534055,0.1764907369868768,1,1,0.2859087596612677,0
6,0.8698528133129609,0.015639984575897405,0.5822737102245619,0.6304242070427731,8534.154225889106,0.38271511447159196,0.0975916178164195,1,0,0.2160811455619756,1
7,0.7236511597107184,0.2228914277600552,0.836072400243613,0.7867940696640844,5782.412533048263,0.46298209893799297,0.25958759848845303,0,0,0.18284730512169295,0
8,0.5841446584166033,0.28166098431226005,0.6987241003337481,0.8826846476308666,4202.697238006331,0.4679046999283656,0.2997425603362555,0,0,0.214157732907042,0
9,0.8448185740347673,0.24961780125953195,0.7162787672996251,0.857533356938689,8138.476488675986,0.4383362860075533,0.07338495575178305,1,1,0.06010634580241604,1
10,0.9195074184018034,0.23351264820788276,0.6149079699905596,0.9639788599368222,3174.745787515456,0.592667016477594,0.33817746904922275,0,0,0.2876650650321726,0
11,0.649195972365212,0.4760357894981018,0.7103713678057136,0.7152884689091191,7857.810834048424,0.3097098437906688,0.14867421384083626,0,0,0.289107402604312,0
12,0.715763761688294,0.03676345867930709,0.5719109004155644,0.8986953479581686,3346.84197051739,0.30142010092890287,0.32991635377122974,1,0,0.11903496713888241,0
13,0.9293341470608043,0.3206138228749914,0.5981130641584571,0.6789551806113299,9216.72374540122,0.5003285784449092,0.0745168309185391,0,0,0.20707387068578342,0
14,0.735876661154153,0.3145213080401381,0.6896179249530875,0.8723210350754781,2752.8720571223453,0.5096127189392305,0.43996800506326295,1,1,0.10047881103496865,0
15,0.9096695293967186,0.33652880897948817,0.968988932187801,0.8259310414252908,1461.7857639882543,0.5404215136018974,0.2582449866546775,0,0,0.18686794865011475,0
16,0.6452560499996463,0.35466359444486384,0.4550633708567867,0.7719627053639312,7011.157412659178,0.4461026491720906,0.0830617554503598,0,0,0.24269730978109832,0
17,0.5654662227449457,0.44650133654199997,0.5308905300845823,0.7995483854993032,1712.1878053412306,0.40820761949076684,0.02931151831151243,0,0,0.28495543120134803,0
18,0.7658593377467232,0.2748462152640991,0.6660539787264481,0.8429639301822419,9498.694197860958,0.4992683867305053,0.27857370236903,1,1,0.13480423081641796,0
19,0.809305382335664,0.02526262773442802,0.920592121799615,0.81451924623232,6589.995612649774,0.45584218646520036,0.08971477399122131,0,0,0.2233763157606904,0
20,0.725440926488475,0.07377990566733635,0.6604015307752878,0.6697986668765233,2385.520546716807,0.6551071404655694,0.11345517847313233,0,0,0.22910677858679485,1
21,0.8770181756508404,0.3104776788234545,0.6455590198256776,0.6441277438192786,2167.3074494257444,0.4675772750074808,0.16353779572386443,1,0,0.10528720029118531,0
22,0.6113602755027672,0.28037367723374823,0.6541624042041886,0.546512932499157,9246.362887292173,0.4946814848282922,0.05760392833295786,0,1,0.20725803287334804,1
23,0.8415828324170402,0.2082570876853531,0.13995997700251456,0.8503407750866571,6117.79333721392,0.7475418139597942,0.35770969922733514,0,0,0.21385532229694415,0
24,0.7987178764315418,0.3805927358173242,0.8336022426479448,0.6769629117587642,8947.986466056926,0.4805239773269313,0.1719051258335696,0,0,0.2410190265865086,0
25,0.8201589080775701,0.13686533631003814,0.39344033419284874,0.7161695625312344,1191.2295279736695,0.5556156865199091,0.4301622546177259,0,0,0.2999868143636334,0
26,0.8438936347604792,0.13039669415270355,0.7194816811751668,0.8253020838948546,9261.382736233843,0.5646309433386353,0.08107909981836989,0,0,0.060058092356620144,1
27,0.4912469181469279,0.3511200050031852,0.4220666981108564,0.8264324915312963,5248.488188741474,0.5731401643718215,0.1702441225977976,0,1,0.10057626091938952,0
28,0.8486275995976889,0.25362018350160304,0.8091937534590207,0.8751270205258003,6717.37697168037,0.5289487265411252,0.18290978984180487,0,0,0.08626960797993517,0
29,0.7084360738896248,0.443324517103873,0.7346118289120336,0.7236111702110127,3791.4671682586786,0.5193840794410509,0.05104008991687375,0,0,0.08860851310517563,0
30,0.9316862802198295,0.12669843672531111,0.3241376332329297,0.7337429276094934,685.4891878576793,0.5100334289837116,0.19331827941698548,0,0,0.16356216515549127,0
31,0.6327408434291123,0.31774023558080905,0.580365029290945,0.787415144587391,9583.927169284108,0.44240060977662266,0.20973209787820396,0,0,0.26963413915323436,1
32,0.8986224157650411,0.2802718203379147,0.7283911221069818,0.6340079730551222,9946.523458173971,0.5325518802839269,0.13269441472433194,0,0,0.16218081726693878,1
33,0.595787399703456,0.27151881880448814,0.16564273149233752,0.8620465904646464,3709.013802728385,0.7028645837424592,0.07903423932946012,0,0,0.21712009945860333,0
34,0.5059661119161158,0.10431092272867044,0.2234699654540258,0.7417050989631278,9444.292504544599,0.6210681908963558,0.16387236027305124,0,0,0.14412478563255476,0
35,0.8220634578382588,0.23602759579238242,0.6863586158679674,0.7005771076430981,1760.4902805194859,0.5303918022224636,0.021737669076102663,1,0,0.1299158288277788,0
36,0.6317033375365484,0.2147555863510803,0.7470150219749907,0.6516360376543944,1631.3760516198977,0.585582979810599,0.18832368071734187,0,0,0.2585587962072606,0
37,0.5006486309375991,0.13333291328182972,0.7824830941427173,0.8836411967462882,823.8072160907976,0.4130824091269348,0.07930480255287574,1,1,0.2138868775296049,0
38,0.9342751448681819,0.2533573201115021,0.8658435473355613,0.6782795133575766,3973.567135083092,0.47394878458002815,0.13969361041834832,1,0,0.137723822020634,0
39,0.7120515552427965,0.11790537114704759,0.6465169835021701,0.39085491123669464,617.7922767978318,0.5947849844184055,0.1271103616990465,0,0,0.2785400653117912,0
40,0.838744739121835,0.4424340668968419,0.6889902189546209,0.7960480370715204,4007.1061771676777,0.6487167193458192,0.36335797624854055,0,0,0.1746278912794112,0
41,0.7847705334160813,0.16359023366830527,0.8374633266783346,0.7834899247101532,1470.0652436317152,0.4229133827904622,0.26021609554481306,0,0,0.09706868682482213,1
42,0.8258355726034926,0.26982502264894875,0.3552743577126877,0.795203808910096,7332.225176172277,0.45164116905768426,0.3027926394931931,1,0,0.17080546561692028,0
43,0.7474374024719366,0.19077978664574907,0.7827750630580772,0.5774216988681902,8350.29022843044,0.7181375793878536,0.11601358907582658,1,0,0.21867485948336896,0
44,0.34181741162646295,0.05936134101494429,0.7602530600297094,0.49786179490779836,6909.372735183251,0.5096261249768973,0.25632224029070644,1,0,0.1417781473140406,0
45,0.5255875329645523,0.47661273328581516,0.7209403289772729,0.7014995105654179,2084.892109117943,0.6823361972700379,0.08171945408576874,0,0,0.26094618406884834,0
46,0.6267069522672452,0.11880605160180979,0.3878164868331651,0.39581776867555074,7691.797109788761,0.5206857317275793,0.11152265951344764,1,1,0.18328599515152522,0
47,0.9183909657409185,0.25514551630700816,0.14228294069900063,0.5545548327792401,2570.051950629422,0.5246180282325436,0.47399162236195785,0,1,0.1669411949836166,0
48,0.8859147305780027,0.17925347256013513,0.5079674546622848,0.9174781450227286,7618.937109988422,0.4694509112340102,0.19638138334656455,1,0,0.2646778558159297,0
49,0.5016628944231066,0.48194610041696595,0.5936808741926599,0.8599674598381087,5717.235991474269,0.5942555141510228,0.4854939162437797,0,0,0.16572945161653824,0
50,0.684933354468736,0.28181112002810554,0.6634888849019226,0.9006967914032571,3730.453911282976,0.6357777550304,0.04877850776951113,0,0,0.15360253546270414,0
51,0.9655169972756753,0.5657100722236503,0.5645619989002282,0.8431732703821263,926.5745423589711,0.39649977698591327,0.10489269807821255,0,0,0.075929098833374,1
52,0.7994490651436071,0.3308809491464839,0.4251172283245146,0.5659533963074224,8292.344147089554,0.4647549447779563,0.16226128594052502,0,0,0.14062296971424132,0
53,0.8025898263845425,0.269291304240459,0.5279806549229807,0.8961317613517888,9402.56391590243,0.5915078524374221,0.19949792525181403,1,0,0.14926207514077044,0
54,0.8194814495513689,0.1090369769443833,0.40852810407215584,0.7458134363019536,6692.586022006311,0.4870451362215672,0.38302718447442274,0,0,0.09515557980612245,0
55,0.8007594991172722,0.5240617148275594,0.3571515664923562,0.6435635996959469,9648.961510265044,0.450661453146679,0.23148979491739433,0,0,0.19695580042829192,0
56,0.6879201981801872,0.14429307905995137,0.7221069964293485,0.8550460340977936,9347.703048525613,0.6009542153869402,0.1322785033311957,1,1,0.08596051763758693,0
57,0.3938579788705362,0.35202005167778905,0.8617590548888551,0.7785317356866961,2026.623167957161,0.6103453204712511,0.12855094247064863,0,1,0.10592244715097275,0
58,0.8838983032607785,0.6280390956551719,0.5041252091203418,0.7157713547261957,7339.002251122313,0.4550357909327861,0.14563092020539817,0,1,0.19027299643128515,1
59,0.8578996664042653,0.5421558478184566,0.8067419131316477,0.786727090295239,3558.1177124331757,0.5212366527987946,0.16672102512085168,0,1,0.11724589118118427,0
60,0.6865679540637682,0.3659988237452141,0.5727632775187741,0.88950288952412,4926.421869599698,0.3791525204095767,0.3108007312005563,0,1,0.20991707753208833,0
61,0.9358581895296346,0.2706045883151198,0.8938026338138795,0.8877167495726951,1653.957768373573,0.4104519089521301,0.06671357064861495,0,0,0.22262828323017614,1
62,0.22550606962591,0.2232009411257809,0.7809363169916649,0.9282335265699604,9750.31633777076,0.512416523213338,0.09680541857273949,0,0,0.12532260265166256,0
63,0.23047899542442077,0.01894236985726148,0.7512167962867423,0.8925964856958207,7288.760092456444,0.5031406787579844,0.048064381293583605,1,0,0.07184692037417999,0
64,0.43708366386653486,0.2788913836385008,0.39036255345646476,0.8106571395308932,2742.3922653465843,0.40331239082693654,0.10349599783233829,1,0,0.1723629584572296,1
65,0.6444432625143321,0.2685207561832771,0.437089375354502,0.8468081917435646,3777.569732663532,0.42840260752744247,0.05394554609951563,1,0,0.07322460502295429,0
66,0.7608650542535511,0.431943731716513,0.609641159081237,0.7751807877885618,4282.580975604966,0.39349556300444405,0.1847222284884082,0,0,0.17880892038096702,0
67,0.6879474895864814,0.11822358074246957,0.4142514969896695,0.7171440427849307,7500.583869024018,0.545505985691321,0.17042676298509907,0,0,0.23155446053224005,0
68,0.7426572934279929,0.38183797644668,0.8197415380469587,0.713850888774425,9264.402941018887,0.30323608033081,0.08927034162402046,1,1,0.20508244786770086,0
69,0.6795756146978778,0.2785457618839845,0.6208024743929738,0.8231406696563857,3282.257316547259,0.3988422770439804,0.03148790104775561,0,0,0.1620669103030044,0
70,0.9121309206982589,0.2291930313814119,0.7870627366951554,0.7000096645703698,4777.750873976153,0.31370584521676786,0.07888791069282577,1,0,0.2864646369743869,0
71,0.5850817489192739,0.223813470578728,0.7382534212558489,0.7319371537485473,5972.754971063541,0.541902060385798,0.3279621377116741,0,0,0.07543680827054262,0
72,0.6456559365327232,0.2288315264580268,0.8723421087627026,0.6250039813489895,3994.1055247631243,0.31972664499452985,0.1647078170496317,1,0,0.2700003767279828,0
73,0.5666390936836835,0.17649287418679083,0.5932398466617953,0.8469768786660109,5091.395101320284,0.5031729198535541,0.32093427082988973,0,0,0.25003221816030075,0
74,0.7489549716721217,0.3713084087408162,0.6617932194845231,0.9104027490922021,1146.5055272990098,0.6639524015747423,0.16899597904129576,0,0,0.15493464509114613,0
75,0.8620933017122632,0.4150781950685917,0.7151905756135903,0.492258151451507,1759.976438429644,0.6673433981270902,0.24327312993822336,0,0,0.0882167929751786,0
76,0.9515114053456255,0.10429866828272305,0.5823956731577101,0.8818849958405333,4070.9024464794343,0.3194092430821179,0.10577708659290325,1,0,0.08896669644441031,0
77,0.7566608128373626,0.23017223355397423,0.7028026780122107,0.9687467959383886,9157.89621652847,0.5298409601630956,0.23652362025460424,0,1,0.28045144018569934,1
78,0.7810917854701819,0.06670898559083682,0.670571677533479,0.7863874134177369,3558.6446528718725,0.4011028703619545,0.03494162124302712,0,1,0.10842616606956502,0
79,0.6204758892789963,0.38901332642676056,0.7066264315181302,0.532986158241547,2572.948805189635,0.38068639642897417,0.36063682580535156,1,1,0.2685289269969572,0
80,0.7619316682455927,0.3549118059300126,0.6508626480462834,0.8819719146587782,7454.335986407831,0.4886530045609926,0.2503862531500907,0,0,0.17582380498257222,0
81,0.5933044321129625,0.5343345153144067,0.7232362987836563,0.623719488438493,9496.38864415843,0.6228291156933126,0.24617704285194356,1,0,0.16543365918184166,1
82,0.788764048918011,0.7474381943727753,0.9545901022088641,0.8076448715731408,4645.32380892912,0.5599658874220358,0.08268113618662723,1,0,0.2048778168959552,0
83,0.698456042052288,0.4070910826239527,0.7711159156153882,0.6625252584798282,185.18906011511274,0.4284859071517119,0.2399655086957529,0,1,0.10375977072330823,0
84,0.8068156107352968,0.41731607717056934,0.4953170875606855,0.9394892139314706,6912.678381608618,0.5705033997410003,0.16100261905716978,1,0,0.15709266851492348,0
85,0.9021629239090754,0.38871620863424505,0.6489070148574987,0.6310308540426376,4209.1019359998345,0.2756291668118321,0.10085827423094341,0,1,0.28462110970123244,1
86,0.5432545608778258,0.1932821505089188,0.4027624126119462,0.6620444588311273,6769.09081250053,0.42470542015667595,0.22216276825176146,0,0,0.10956423224468746,1
87,0.7449779069249327,0.5396547124540493,0.5704400582717098,0.6260977100115335,2849.393506709115,0.41761084552987493,0.075639032782489,1,0,0.28039588971993795,0
88,0.687693407311507,0.500373726534079,0.9561804688663917,0.7683286292090281,123.84062378792791,0.5078320691738931,0.1476569327714552,1,0,0.29855242415229466,0
89,0.7411737446379107,0.2230991296974255,0.7543812258595325,0.7259781794016146,3510.5125655814772,0.47971720363400006,0.027323005618134603,0,0,0.0629767970188742,0
90,0.7701763699744956,0.2786811649231129,0.7075533783714215,0.682845668154958,7077.444191868121,0.4858528906380115,0.354162770937557,0,0,0.18284478064784287,0
91,0.7805257487778566,0.33581943752616505,0.9370951139642265,0.7924199014891526,3991.8215017909733,0.4825280469893861,0.17809788100713558,0,0,0.09295482492342215,0
92,0.8965830938027713,0.39177327378934174,0.3341069081824738,0.8781516457413606,2269.823982566937,0.5022407240989087,0.14760523387742663,0,0,0.2054285639891693,0
93,0.9139745006021853,0.5779452990528532,0.6256751062891889,0.6281103168257026,4693.667954927605,0.5540130966958223,0.2362121519534036,0,0,0.2973856608037189,0
94,0.6252808613431485,0.6932383784757228,0.9067029754831952,0.7626682476856644,7548.250380654015,0.5149331026102383,0.3199967393017272,0,0,0.27422022385455147,0
95,0.4960287753620589,0.09391783809551194,0.8650700611423706,0.8239663592397953,1282.3875592438296,0.47156481833954417,0.08188880385218675,1,0,0.28121211540158836,0
96,0.5738102986510725,0.2536988128350337,0.5149596596555903,0.8701631055083348,6948.345133101813,0.5401748279804782,0.28706635037348693,0,0,0.10333745332802484,0
97,0.9400697448772719,0.17885448769100606,0.5605949799294248,0.9696736475998853,6706.705835659079,0.5826123543652764,0.08496622283021697,0,1,0.18557989972232536,0
98,0.5638116113845065,0.12780865950127804,0.6157701772618468,0.939395734787502,3770.305008882206,0.44439741092773705,0.24294185141503805,0,1,0.10870775409873766,0
99,0.6722561348379004,0.03153457057280289,0.6316896628140202,0.8057176887549106,9706.328294656994,0.4940597269327324,0.05823609021295395,1,1,0.27485617689441283,0
100,0.715133524882573,0.037633480309167244,0.716244030967448,0.531263848040832,8957.582464855479,0.6161906563046586,0.03994885068977268,0,0,0.09778849826856163,1
101,0.6307900998772656,0.12531702211406184,0.46759194164559104,0.8923992600835023,3229.9986599404915,0.38972393227326435,0.06701090110365415,1,0,0.08848972810229995,1
102,0.7417160017369715,0.025633046313845283,0.5474785072372366,0.8526596141559369,407.80182459904654,0.6804702196255944,0.1137266012922933,0,1,0.053040657928504695,0
103,0.931739259022481,0.14222909639288184,0.6975199249518402,0.5768101834275018,3152.217586776259,0.36608450252604247,0.2558427552593678,1,0,0.09548696502165542,0
104,0.3014679423689484,0.4404046478487442,0.7361712526257044,0.9141571303644062,2126.7472311563283,0.46546353887952635,0.16135864383295145,1,0,0.09744071171363321,0
105,0.5586098880458512,0.13819524978243888,0.5930516748814075,0.6351068871614237,5517.793949071169,0.4049810003123988,0.26443615172936424,0,0,0.06937254688140292,0
106,0.6742348817628386,0.0881247379306332,0.5713727706869665,0.7767471573924244,9195.56976970333,0.7187926996869377,0.11760959570985614,0,1,0.26693527585328974,0
107,0.8280410369904486,0.3802453307196963,0.8854374797569958,0.6833828745273534,8716.341349371463,0.4496649971152848,0.1132235886455499,0,1,0.24499945217403102,0
108,0.5054580561223759,0.431790301686878,0.5725655882797371,0.7268796428229687,3127.7086410817847,0.44991588434714674,0.3108899015016744,1,0,0.1136203743368142,0
109,0.777065958629862,0.44330276356976983,0.5374795713360303,0.6761887761811276,4343.115582200807,0.4629251260060081,0.05148479266474397,0,0,0.24581442582780066,1
110,0.5802362817422383,0.39151540329735945,0.7290042852961087,0.749924101539555,461.76777088770797,0.5095602807893951,0.1597309470042263,1,0,0.15554113669919956,0
111,0.7903170826018652,0.6593383929769089,0.3807895305812181,0.8426597969561799,5487.21872572658,0.46715582210954887,0.10173088368756648,0,0,0.24388007733704614,0
112,0.6621084266035628,0.10554240709987574,0.618993973100376,0.9012707762409307,727.3430025022157,0.48671131953776003,0.2218417349640818,0,0,0.1307519129587934,0
113,0.534058177188557,0.194801603694732,0.7826244369642497,0.858485618186735,9392.201045668087,0.14707900469762622,0.3622994259033152,0,0,0.19116355662196927,0
114,0.8332801744008336,0.4170536745549864,0.7877987888461014,0.7533046424570259,8682.644965037496,0.5057159836001828,0.26649104769324494,1,0,0.14540263548854215,0
115,0.8539423752816214,0.4174422029611282,0.725944651711111,0.5498320352073135,2220.4575017312795,0.5017806621486645,0.0984436535987647,1,0,0.09691895425586729,0
116,0.7760911633714107,0.026759759280869964,0.699779827469865,0.7399357999563864,7023.74993063425,0.6038568797412394,0.05487243191535238,0,1,0.1964082210005002,0
117,0.9402838286695967,0.5062932257695176,0.554384799258699,0.4890028499956975,5723.401786089998,0.6309060948279402,0.16831399755623774,1,0,0.23770769999446278,0
118,0.6677544964493587,0.23912037339103276,0.6442515183021713,0.7996889485612,8033.4413539102125,0.48122919386082025,0.32137364628618903,1,1,0.23827678114853723,0
119,0.7763284069557427,0.44494079825198685,0.799414995573273,0.6043876029125769,4808.955856840047,0.5816229081673956,0.16623504498716493,0,0,0.13907235457981088,0
120,0.6106599794863272,0.31182146239156194,0.8042809487741605,0.760899920727084,1998.5425095912021,0.38984312195551934,0.1274085185889719,0,1,0.179677942101457,0
121,0.8146785788760947,0.4431909208371309,0.8244802112123785,0.6464068419758027,6434.449661216034,0.5767342342696105,0.17130217033176415,0,0,0.2409446496462716,0
122,0.7428970964662265,0.15019775725938156,0.44889444280163837,0.8650557851835741,894.7752372598555,0.4427524200865423,0.3492920208037595,0,0,0.06362439863064771,1
123,0.8425576923542274,0.29905485085269085,0.6783917137947546,0.9319718528107716,5887.421112567378,0.3815302531869945,0.05881662989739567,0,1,0.06797208332521508,0
124,0.5415451963988065,0.3946739349788981,0.9191353342952482,0.7866204742216233,2205.77757409813,0.48144113217959494,0.30731866188820794,0,1,0.14405568499301935,0
125,0.8487034770737338,0.16323145150466498,0.7726311578303344,0.6382546644674657,6880.870727523246,0.6400472447197779,0.410068950476012,0,0,0.1058679002572417,0
126,0.9428982678236225,0.2808296677502142,0.42764966108975044,0.8901689742751312,8297.627301108274,0.5181005536730847,0.3746122763326187,0,0,0.14366150488755508,0
127,0.27359531317942476,0.3713643305584488,0.9235626570792015,0.8217397296432378,1184.2948198925174,0.649648814767838,0.2142178490646967,1,0,0.07343826996490589,0
128,0.31435340576071746,0.12251919603151953,0.7182678103757508,0.6530099775914833,4062.6586662710642,0.4251267286184196,0.11412308657392697,0,0,0.19800200766882187,0
129,0.9094073794904847,0.17542110345246428,0.8727648572263499,0.7914860832680943,7361.863718982368,0.604785110454799,0.3360943968593284,0,1,0.2179351264985886,0
130,0.626658707429628,0.4105132626777473,0.48546795385385,0.6601669963952308,1720.6603090366991,0.4347839962763055,0.0991355437774702,0,0,0.24796012697347658,0
131,0.6678760843020042,0.32390738625553644,0.9171703832716027,0.8153476864756745,5708.58433335356,0.5225328671489203,0.01382998298170578,1,0,0.21263073451883174,0
132,0.41439548524848824,0.05038655334268652,0.6790884920051198,0.6760419029195881,6751.205920569659,0.5216682828659415,0.23016786331731673,1,0,0.14909534875151897,0
133,0.6594774101626886,0.25476309221973575,0.7160893071458747,0.5787409174315362,3612.456711669884,0.5661491733924172,0.13959588000424222,0,0,0.2837320562044644,1
134,0.8086136050725224,0.09560479500855211,0.5545918973353551,0.8352686729879669,8336.62451460575,0.5250740619911327,0.4543320561427985,0,0,0.2315830040069976,0
135,0.9143839968070427,0.3509244170593337,0.6274799913284146,0.9351186843640867,5155.5160319624665,0.42608154621781824,0.09148119156179842,0,0,0.1819203114566939,0
136,0.9748585730918563,0.04041947413825872,0.8646921931656617,0.8644182432450032,6307.248915411049,0.5880306952092564,0.10757676769261307,0,0,0.10171260208389805,0
137,0.48486064014848956,0.25695016486236677,0.7912021233498544,0.7697105088805609,1494.6406873773092,0.6731656594325395,0.3776348516318479,0,0,0.21224374668405394,0
138,0.6805775886946909,0.15623273758404346,0.6713161913788718,0.8417842019308289,329.28572787342364,0.44161965777438816,0.15806073589289152,1,0,0.197930131271489,1
139,0.7418956274030327,0.11283926971418742,0.6422723331973897,0.8641298627827075,602.4108511673643,0.31647679235549675,0.22092886173572304,1,0,0.22083249973438662,0
140,0.7741722372841985,0.2750886898652921,0.12254169389456133,0.7074188034028467,9048.809467162337,0.5499319568353789,0.2863074006692287,1,0,0.24528119132707532,0
141,0.8607609054949446,0.2567983999987067,0.5887648756685275,0.7150079923630213,8838.159604057686,0.4668819605947851,0.10408173181355315,0,0,0.278762404744556,0
142,0.6978513760115563,0.07840153729809811,0.5573717907160882,0.8411125629145371,8095.155247702241,0.4868897144044703,0.2752627483447735,0,0,0.28726414783953647,0
143,0.6049767298788856,0.37433652805555573,0.6621513646158932,0.8974490022985405,2076.159703225122,0.5556177755731012,0.12918519405449408,0,0,0.20754637553139904,0
144,0.6358714839270181,0.2819756102955817,0.6189516295387048,0.9553391957448586,5302.040654300082,0.45436075701744016,0.1935599155653483,0,0,0.29148900893833585,0
145,0.5186245452745321,0.19095044021535157,0.5651001209061407,0.536092041356123,7981.559295428897,0.47311480286563284,0.291337774166093,0,0,0.2778555997501419,0
146,0.5565202177053522,0.471179422146753,0.4684409192581485,0.6391892791184073,6779.224894432161,0.48998804830634135,0.17964114184605784,0,0,0.05065358925380527,0
147,0.7589702114668763,0.22079366294131358,0.8505788831338901,0.658325707373619,1243.6598173917823,0.6469753937985017,0.23144715265683688,0,0,0.20940436656150196,0
148,0.9190633844080995,0.4524518590056982,0.5903592386307399,0.8861347826672732,8965.857878142995,0.5030069604113582,0.2506994859968559,0,0,0.0946173524585159,0
149,0.9067332509894888,0.15083083058524147,0.4411856106302374,0.8836690680316615,1690.7556885018264,0.37643264191850395,0.20698908205334904,0,0,0.1237981636146246,0
150,0.892868321590105,0.06588630247066642,0.6006176542784836,0.7528187912807678,1800.777364792021,0.38041215188588845,0.13112155168634365,1,0,0.12437504993389721,0
151,0.6903918032141421,0.26543172729286074,0.5048318483211618,0.8357419671174143,9019.98542879001,0.5139229921659602,0.24297475755421372,0,0,0.17078240990927684,0
152,0.6823594911954589,0.2559894593565681,0.3339108511757018,0.8209221737964552,4897.707697035709,0.3870571999309021,0.1879912313503584,1,0,0.05271654449834161,0
153,0.8915740627328911,0.1534157812427064,0.34282355834107336,0.8577059043410475,3791.6290769690218,0.3437696513075839,0.17766520521937632,1,1,0.10894910200616413,0
154,0.9559529942124593,0.14627563140553915,0.44694846455871434,0.8539296693135127,5581.201748750759,0.5635535990934011,0.2798651800259024,0,0,0.05728023923995916,1
155,0.8679242204854704,0.361835000098504,0.5433165608885945,0.9147166321257049,9815.833595037902,0.5684498402868645,0.2894171852053077,0,0,0.21263964142980946,0
156,0.5308104519242256,0.1768201729775143,0.6058233633718378,0.8671597759952745,1284.3415068863244,0.4631863466106147,0.17906634457483223,1,0,0.2723218946732083,1
157,0.7490178606263241,0.28573474114624015,0.8515310084941843,0.8502705910509183,7593.793603041446,0.5293659291151709,0.10533266906317933,1,0,0.299447164957983,1
158,0.6915113938720698,0.3499528938002134,0.7706411149975065,0.8199958705944901,3409.8260362168626,0.51881216441955,0.16661838159001555,0,0,0.16213922294552435,0
159,0.8546381581714763,0.2879054378265683,0.6674707363713681,0.7544319176265598,1258.787781391475,0.5602419385969085,0.3275160999405738,1,0,0.1150352775735382,0
160,0.8836246602076249,0.8104671463120968,0.6140454873126868,0.8137107051051656,4277.140217994092,0.56047499039398,0.2579529752752407,1,0,0.2632758991826731,0
161,0.7375319879147021,0.1875888145551309,0.7265650152104117,0.8499229466576834,5532.6534894801825,0.2394211412472774,0.36212645924989,0,1,0.0782896293851182,0
162,0.9398650760584525,0.11147658369583816,0.4946056651607628,0.9072189098828417,2139.0202135086543,0.4759501041517606,0.49198543849755766,0,0,0.2935597452640352,0
163,0.8936391525659719,0.29306150165835854,0.6480494258426173,0.848914348873345,4112.167645056365,0.5517904188178133,0.20601738379703707,0,0,0.22870936367955058,0
164,0.9237701228054617,0.30775111528980215,0.8407895576410699,0.6013690456579253,6393.192652175676,0.45895434089609854,0.22604143741767183,0,0,0.17598366634185353,0
165,0.4836341833009731,0.10096488212591193,0.7663998909119444,0.6012575387327949,5806.8353952301995,0.5036202639259827,0.16125284914449303,0,0,0.07416263433105834,0
166,0.784676451412879,0.3015096926687941,0.6588919944708993,0.7560507620086986,7259.2898811430205,0.5750699981678078,0.4775850133356815,1,0,0.054548983927442854,0
167,0.44536070784265375,0.296807236839561,0.605102010471993,0.9042038027267654,8380.404876080273,0.5080925233252163,0.5884110233478885,0,0,0.1861330493704848,0
168,0.7145863676454132,0.2955478546860294,0.7027725652189836,0.8879957302489596,4150.4892845168,0.6507919417234866,0.18732986204948868,0,0,0.15346262686000534,0
169,0.9315754629939789,0.30807839685574206,0.8599883862447745,0.7363353408989598,4287.376027076052,0.6126986252281121,0.12085198730009379,0,0,0.26066612359050917,0
170,0.5557074130652905,0.0725900749687804,0.8867206973349094,0.6884243676790467,5017.252131106016,0.4881435847028566,0.08149030216087391,1,0,0.2105763699233592,0
171,0.5233038154381752,0.14940046842941654,0.8369934656309833,0.6390588653819975,5706.8984459749045,0.4801953829275221,0.25374102683721744,1,1,0.15797408662392376,0
172,0.8432579475834415,0.3797259811464071,0.48264465649624066,0.9060382449315643,1172.3944749551274,0.21496758947986352,0.17370854803363922,1,1,0.10650176502529847,0
173,0.6331075876549869,0.0724796982066711,0.7348079264001206,0.7755232355260472,3195.090006528263,0.4673497803109474,0.29035092057363515,1,1,0.17010555220300155,0
174,0.5655131863719823,0.6407016515794574,0.5995455538752961,0.8536840937219848,1801.7287742325402,0.3646731107289473,0.16189293700575094,1,0,0.09074856969653915,0
175,0.6400087232947999,0.19322886331644934,0.9556255073612804,0.8207413200975078,3919.9423472069025,0.5221229542000623,0.1726138613116515,0,1,0.21675316561829633,0
176,0.8967046403878547,0.10843276006505778,0.6973633569796699,0.6097483218917417,9736.205318482962,0.5152870711120002,0.298118126778382,1,0,0.20143226811644,0
177,0.6244894933804257,0.41180753905094936,0.5052730657690369,0.824465286799805,5869.0364711417,0.5695855756026778,0.2881889988570793,0,0,0.2525178420315507,0
178,0.9193424760865068,0.43801540836802877,0.8591311903008692,0.756760488340358,4350.877047213408,0.6396670471948191,0.23622240202306782,0,0,0.16238231806056908,0
179,0.9075292534298709,0.2223668302580205,0.7302992527294002,0.3313778235677214,5702.775262714717,0.49737305703280316,0.43967676063060845,0,0,0.11966213325688226,0
180,0.7182633989967036,0.17616822620232392,0.24566419798674197,0.6526514945494996,6723.857898729075,0.7280416311923196,0.19127173578239431,0,0,0.2590988398089389,1
181,0.6627067746363646,0.2282016838285522,0.7640139911696789,0.6214424175985234,4406.03928657497,0.5232451445219904,0.18627562055426114,0,1,0.22274927036497116,0
182,0.619242191527522,0.14169632191432432,0.7459015196458925,0.8646752922929914,4532.327062103584,0.3689783606283367,0.05743320062557051,1,0,0.22667729101483752,0
183,0.9747019149313654,0.5975430297910329,0.8903078431655994,0.5810176529576992,7043.871180878916,0.443792812488988,0.22484735625047317,0,0,0.18202114285158638,0
184,0.5884296882360528,0.49554826701546295,0.4447673568763542,0.9064567725780106,702.5395737364424,0.4627253299692178,0.15789925764265317,1,0,0.26899465372171827,0
185,0.5301815819162728,0.4229344576652335,0.6739158094314458,0.6215763791729818,5446.7976260546075,0.5592127151153379,0.08472047287720741,1,0,0.10694587686788397,0
186,0.7437189749417821,0.41830183548507455,0.5387984589444714,0.7510127453669474,5518.545340955244,0.40527500997706994,0.3191679824254319,1,1,0.15042300633823014,0
187,0.9523376092159453,0.2383193721724035,0.3957614236944086,0.8998243664735668,7591.8473851709705,0.4702024117190604,0.26805826144849737,0,0,0.24905814291620593,0
188,0.9151687969403235,0.04580049651235957,0.47608304295591636,0.8278830277093799,9828.183048132914,0.48389597192039135,0.5593228973992915,1,1,0.08324022549217029,0
189,0.48283651890938145,0.08785271756134655,0.8528957340591823,0.7789623330029939,7977.9723891894,0.4551879192344456,0.42596085286680446,0,0,0.25202737325405367,1
190,0.6992142553137668,0.3226899639101146,0.6583546147956701,0.7993603305935025,5087.507265239634,0.5811415381679719,0.018958944768759877,0,1,0.13814880518271005,0
191,0.35009084439781174,0.1013194943377103,0.9041996974269093,0.6886757404708128,1777.5864781110674,0.5641321388465356,0.28716982733277213,0,0,0.08137592475759174,0
192,0.5277959346045171,0.2883240043389455,0.43312605308514246,0.8039180603367572,5923.783619168389,0.6166567135103959,0.17349077816392705,1,1,0.06978737138380726,0
193,0.7376985365695184,0.11426197104030494,0.7601377253570171,0.7946574807735596,8359.55897845559,0.46689748188888003,0.0333262201420726,0,0,0.26075717968843354,0
194,0.7538558839595974,0.282705678646333,0.9148420777722034,0.4679192656885249,9330.899230088791,0.6202527567647902,0.10581683678419915,0,1,0.2446538864064089,0
195,0.32351289490870055,0.2060279603505847,0.4947724623878562,0.7296202255065681,8270.572756991596,0.3636002914022954,0.17105344954202956,0,0,0.12201033634737911,0
196,0.7569760338967513,0.14725094323760277,0.9234310757899314,0.8565028305327379,1970.7892029893787,0.3611615699010143,0.4310715853657924,0,0,0.07909054730936955,0
197,0.6055911592072333,0.2844946931808205,0.5930324484835565,0.7786213205642825,7154.501057058381,0.3786198313908787,0.1557179644065525,0,0,0.11180860650942952,1
198,0.46556597134410893,0.5333690448925831,0.18614742672761195,0.8225747021080079,8813.533980109849,0.500921169263209,0.10322089605966968,0,0,0.10324690892341894,0
199,0.7312276687433702,0.5261148339793444,0.42466998796782335,0.7059670222947775,6842.067969607055,0.6202378116577756,0.036837486998091674,0,0,0.23326391292304954,1
200,0.7546073694353302,0.10221333116816317,0.5637263666261256,0.6664634688938913,6888.94520518933,0.439785791936037,0.0699373895956667,0,1,0.10389077108922938,0
201,0.9574393550821925,0.22865803412657076,0.761692078641646,0.7505395810841182,5051.606633885679,0.4523306595035563,0.1691978063486487,1,0,0.10402463044190628,0
202,0.6799361002999132,0.3002340373314104,0.8958479676730537,0.7906213524811818,6406.0645990425,0.4783982044690662,0.2459503505795588,1,0,0.058067033124713854,0
203,0.5877717609457938,0.42881994728772377,0.6978061641230542,0.8552788035709642,3014.369120307909,0.5572828123387655,0.05679289905517236,1,1,0.1992149220773795,1
204,0.8425591556636023,0.12998187641051404,0.42332340933974005,0.7991480993159294,979.2198591788775,0.4522374696645426,0.18525671950313494,1,1,0.22224488706402684,1
205,0.7386387999387704,0.5097282352951064,0.8124964444463593,0.8666251077422726,8294.377556979465,0.44665830420834984,0.2964711724735263,1,1,0.213372617237021,0
206,0.8422761029421372,0.1334319800608716,0.718210357930563,0.640269164026057,9437.128643176005,0.36546047366423096,0.061115855020949454,0,0,0.19214978903901964,0
207,0.6531736943497284,0.29095263270607447,0.4214955267653386,0.6184688044868177,8582.541120231748,0.4428278888822879,0.26325101038988014,0,0,0.2915187372102088,1
208,0.8662698132594884,0.3536633278486492,0.7304609490929344,0.7557179281543339,3405.74418242995,0.6177461752935333,0.19892358090732762,0,0,0.16818462804427203,0
209,0.49743214817080844,0.15826625212608664,0.8809782462785394,0.6510156302623261,1025.94849794849,0.5090926008478477,0.15852719915902955,0,0,0.2650341270303087,0
210,0.7777832894887556,0.2781000282381391,0.7713496440129608,0.8564235503728083,2873.3700375509247,0.42601454897520846,0.12154225986563794,0,1,0.21150247759433471,1
211,0.7511121112783061,0.1824909487244048,0.47219304122704614,0.5665616605408481,8444.070220518011,0.6236143972728935,0.12265711930114491,1,0,0.071040485171959,0
212,0.42797424411299984,0.37980082028449685,0.8652900731831428,0.7517046992632459,6592.563625568839,0.44147864979398127,0.3565273690402634,0,1,0.2525221152440223,0
213,0.66424164909466,0.1498694315313752,0.34250444381608514,0.8749557421102416,9670.273016619078,0.6419955579482466,0.23255628575031595,1,1,0.19609713542245455,0
214,0.33001724880916666,0.055054621413750816,0.8899416357108054,0.8859982284362775,3492.5420825273236,0.64036069779001,0.44976394611321874,0,0,0.21338141483135864,0
215,0.7265486674114914,0.4292426333374434,0.8901309350117125,0.885401459738409,5559.573990887259,0.5056011626374669,0.23676936313754807,0,1,0.09505685890596298,0
216,0.7711567559929811,0.14538828511845434,0.8677605462466095,0.6226634029043501,7921.378394218456,0.35014504726283124,0.07353718472707231,0,1,0.15937252353558934,1
217,0.8868359337025628,0.16034347011566155,0.25945826564322155,0.7034133518644123,2416.520233044942,0.7289500615345755,0.3490937792577777,1,0,0.27014561859357106,0
218,0.8312318183892067,0.2904670983787263,0.7992476254440108,0.6521803670327239,9644.490749130691,0.5387276056264546,0.25398183481236575,0,0,0.10385779827157883,0
219,0.6952064309204664,0.29563363654236313,0.3866518478876323,0.714977874574091,5964.736957668967,0.467611297527941,0.42627708801972175,1,0,0.05003122663429842,0
220,0.6551372628398994,0.18423098794235368,0.81779981662758,0.8074609671957519,178.18587686456658,0.5956127914775056,0.20717313808741278,1,0,0.11437717802936877,0
221,0.5008811756190622,0.2743145561653664,0.5292659523946467,0.9019686843671867,349.01742871732273,0.5702302787021347,0.43000097193471154,1,0,0.17188561229410299,0
222,0.692437494263198,0.2104781530021754,0.7389300054472825,0.8721183949837003,8833.938562375792,0.631093834988644,0.11166611696081341,1,0,0.2553195108254803,0
223,0.8116068802231151,0.10680711806152557,0.8881352956616835,0.9120395986391103,6488.287124834667,0.4337652211320104,0.10704163049981459,0,1,0.21082272514333772,0
224,0.9074864144117923,0.2675377646276868,0.4658554163037355,0.8799467650594903,7654.417938732235,0.5318473412774393,0.2517881165953924,0,0,0.279765867239294,0
225,0.7476474588743753,0.19743777069662893,0.7161274314556185,0.7970480279117603,7861.758409473389,0.3814129769755063,0.12669222302958938,1,1,0.16389110790697337,0
226,0.5864713291121644,0.012145354576059558,0.7634759506980446,0.8548934024182132,4262.551784882687,0.5666334395741234,0.3668573534574359,0,0,0.14770380573925934,0
227,0.7893871571487635,0.434558202085746,0.7645960285172028,0.6885753246174082,8006.251336808788,0.49770546303728125,0.07179735878267875,0,0,0.10785455414892832,0
228,0.712328386960017,0.3666747390778982,0.5402768151333487,0.9583831562459723,9381.571203644127,0.5281009255486813,0.06541723541360538,0,0,0.10451562113477604,0
229,0.8467336315780979,0.3707105707023075,0.3784572295018482,0.8009230698242104,1804.4939669192543,0.48536502761595296,0.14014019526216953,0,0,0.2340274742520151,0
230,0.644532697389038,0.1598899301665868,0.6142614566692184,0.8722997439973367,7664.950355466004,0.4749011179411639,0.0498146516764355,0,0,0.07008978076132728,0
231,0.6737804711193867,0.7928543406831188,0.2958047391093703,0.92380767391285,3147.1408753940937,0.4131768825985286,0.20871368885927835,0,1,0.11067839620825216,0
232,0.6873515071552525,0.5689878613817724,0.7300760410636971,0.9033635826395404,3282.7807302331535,0.5790430214684233,0.1320486080777499,0,0,0.2714738148850324,0
233,0.7476526468315656,0.48934421929067307,0.8691668037998214,0.5800391833602695,4186.273025260223,0.6489704036741438,0.0530517201537729,0,1,0.19423020452491324,0
234,0.714117915742005,0.25959373641320244,0.6038277311934626,0.7417730987129646,8650.823247090046,0.4443331641089915,0.013111857263104144,0,0,0.06164690226708307,0
235,0.7849847736789891,0.3615433248343228,0.7664116668817277,0.7895409753582577,318.35506636948674,0.5553540504971095,0.12659429143812562,0,1,0.22606376208244638,0
236,0.4479498784131912,0.4747736919844962,0.44666677937825616,0.5135686468550084,4395.869447421613,0.5432183624660243,0.003979978305137564,1,0,0.1766705919382791,0
237,0.6831076550131415,0.32559684849803006,0.5018021264353203,0.6587291010877502,6832.471730735779,0.5008097811348858,0.09924997603836692,0,0,0.2636304318745039,0
238,0.7132431106768748,0.0864014064370196,0.4959631840985183,0.8534879764131744,1193.1130369969676,0.3473404266635283,0.2637645444382292,0,0,0.22060846813531576,0
239,0.9511150057472197,0.16822110923642117,0.5967500904029309,0.8449785676792628,7943.310610472423,0.36984026488894073,0.2648563246198239,1,0,0.05111164699444716,0
240,0.8644121956167037,0.4485997545572932,0.5570945239920843,0.549615311407671,9424.835719183795,0.42190180488484297,0.34982257004872896,0,1,0.10143477179373016,0
241,0.6895969560430127,0.24821193555300514,0.6821501473309399,0.6963999359805552,1000.254728662088,0.28609952764280683,0.16855688716505218,0,0,0.11449092514123625,0
242,0.9306227323096289,0.1959491694530492,0.6793492912577307,0.8737267161552053,1614.1865645256935,0.6408030729905615,0.26118521965567815,1,1,0.22555807229041253,0
243,0.7717297814119635,0.2673730056970982,0.8364970212984915,0.5700924488432827,9743.56252696741,0.5367703229179713,0.061984493529245975,1,0,0.17732854441752355,0
244,0.839846062230515,0.05331516533130393,0.5246731248900872,0.7133478386968626,2058.7708437788415,0.4970038951600878,0.22850829254805483,0,1,0.23686187427279076,0
245,0.8835914200801497,0.3588261792193613,0.9442695566203336,0.8827827196563081,881.5027894617243,0.2809764180732171,0.26571928267175593,0,0,0.17821679969586562,0
246,0.9462467704306494,0.28514408158727717,0.409936466358518,0.7822922471545225,9526.706110319412,0.31761291449796,0.11577528040073592,0,0,0.13184615267415023,0
247,0.7434747838100147,0.06831007128190811,0.8874854446596174,0.7714201752449702,8936.964827113741,0.49976586118130417,0.30487722521314264,1,0,0.07591516167717234,0
248,0.9275122535139607,0.1675857089581488,0.5407922092008556,0.8523571729180511,6591.682180057997,0.6970489965483977,0.13553206419237313,0,1,0.10065552466718407,0
249,0.5690269860931438,0.08800745960478155,0.6376861015467827,0.9355929824334634,5559.166180146777,0.43013558041269184,0.19277399014559415,0,0,0.15019502008642044,0
250,0.8640212847656212,0.3479916565489838,0.7765251641389153,0.8265922572169087,9200.403693397428,0.5863798014412438,0.02809943524504374,1,0,0.18786357704544465,0
251,0.779970407736856,0.20246355515538617,0.9293104928084536,0.6749097584903495,6589.648743603085,0.4520097592325039,0.284638082256997,0,0,0.28465935079765564,0
252,0.7927549216505783,0.1237301815343794,0.44478151038185376,0.7044141398685267,6618.126927219193,0.5055239259288866,0.28316010768824496,1,1,0.1099300442666253,1
253,0.6346634634379321,0.581395946828916,0.48574893761888444,0.5786503638833382,8452.487085599334,0.6214683848892931,0.15208684865793126,0,0,0.21652123486167096,1
254,0.9250168937137445,0.42218896222074237,0.72811873783879,0.6833967213667614,6567.132205194966,0.46540483698334556,0.3588478122462998,0,0,0.08813647787332542,1
255,0.8496431229286597,0.2536969522953406,0.6157416322664648,0.9191895612886757,5086.401181673008,0.4309895091947867,0.09529472140209817,1,0,0.2284382804805835,0
256,0.7902831002346344,0.27243568849156813,0.5797903477847612,0.8380764842012514,3958.2428291946344,0.6418070554124764,0.3006959875199075,0,0,0.05283521928599476,0
257,0.7070729863656756,0.255154043203245,0.27246140445845596,0.5862019742468005,5081.025538633284,0.5045557821113595,0.10899545858666189,0,0,0.21397998748240393,0
258,0.4508891225866668,0.2918780480829133,0.8997358607759987,0.8980273846041263,5272.538625963225,0.6091205090586163,0.29688272993171977,0,0,0.0908044141786311,0
259,0.8753847838034126,0.17269841212193834,0.7997195200949808,0.8885998370673915,3672.235623070693,0.4314751106615313,0.10213249094962493,0,1,0.09508111159520584,1
260,0.5235363820103097,0.5930215390601925,0.9012183929910115,0.6019162716097687,4536.372248905426,0.6406674208960976,0.10532877827575818,1,0,0.1897269083286443,0
261,0.9029407034494459,0.3753290622883108,0.9118880196933198,0.6828617741015729,8038.53213534886,0.5273627274534611,0.04930055024678468,1,0,0.1438528864771781,1
262,0.880196706057855,0.21893993961217592,0.6174121967651824,0.6204970496246331,4223.482349891289,0.5434787626214659,0.12540637458165924,0,1,0.16782628763770907,1
263,0.8347725765150562,0.2774715740499132,0.7837882997879022,0.9788823163195404,353.0416896907507,0.5131629311429174,0.41514733454625286,1,0,0.12722222063906446,1
264,0.5763349110339546,0.22768563980962725,0.6425846831587252,0.7214296367224977,2901.8912855611065,0.44945250180034985,0.04358309156607348,1,0,0.2883667623820813,0
265,0.5495795922515923,0.13435581892596554,0.7418066360832707,0.7544473057652062,2394.244454507812,0.4998317189505028,0.040737231268067935,0,0,0.1226640250204722,0
266,0.7694804593431437,0.48511327930512677,0.9528773568763602,0.7503264880023224,7956.4619171364875,0.45574097620106335,0.3291324337453788,1,0,0.185511856183875,0
267,0.7951769288076935,0.037388310420621684,0.6915991426466409,0.8270742796443736,4548.001278870907,0.5959546062644786,0.35959215055407995,0,0,0.2635888888852113,1
268,0.38601515913349327,0.14315517448740986,0.6939149063291488,0.5845067611575472,2875.074376047818,0.47969428329313374,0.14829779701966195,0,0,0.2160452030652053,0
269,0.7540165285821101,0.4864824817391423,0.599656863466832,0.6567571716999995,8125.978350032084,0.35034927722061004,0.03503743171432629,0,1,0.13069423674543018,0
270,0.42430368549748326,0.4913419221399569,0.5370582143657339,0.8374322841788836,290.2463651104589,0.3320576265010716,0.09144988526524482,1,0,0.18810917084170486,0
271,0.6368902980940286,0.2439042348014981,0.8817474997220892,0.726537742917644,1825.0833430390542,0.32732818476795755,0.12218202493647304,0,0,0.07074778155818186,1
272,0.7575245367589877,0.13601767575850526,0.42510993450959333,0.7053851484445196,8286.852712018419,0.5617970757553942,0.1672543923596718,0,1,0.18642160067692304,0
273,0.4583493724206524,0.12834455199420508,0.4063387248548445,0.8505797973981454,5551.452103837985,0.3848495688626556,0.14756317690904838,0,1,0.1578472720883855,0
274,0.544902476960728,0.25814662229954777,0.8951668723804398,0.9334303444320339,7759.132768336855,0.5300085775838567,0.04631136141713202,0,0,0.23948342676836104,0
275,0.6817539712306502,0.09516627982820208,0.3955607767405068,0.8502965233985882,8397.942546144568,0.5136574517491413,0.3376225060892607,0,0,0.26197571078352927,0
276,0.6024816705578998,0.30842344069863664,0.5465956651835603,0.7229675387916432,9425.438537026543,0.4935291405090223,0.1327741267046895,0,0,0.09990413041185976,0
277,0.7157546364596226,0.37552207382520325,0.6897047569162457,0.8134464172482664,727.9035331030461,0.5438405203382369,0.11137944287419607,1,0,0.07038397636519077,0
278,0.8835499880903522,0.24379789705901656,0.4332020341725589,0.9025714833887546,8012.423958654873,0.5158303537090526,0.10906424254837475,0,0,0.14763924531120892,1
279,0.8338999210930629,0.3074523932630419,0.856504870486961,0.6078755394151634,7116.784867376365,0.229027025721905,0.04573398800294281,1,0,0.18353760205013675,1
280,0.7017473760050402,0.3943921564916687,0.7580671619840283,0.7295619639009867,2149.5534466979357,0.467637475915151,0.35862272800898565,0,1,0.14420048707875566,0
281,0.8509043578637183,0.2720307882758418,0.5396380013609267,0.788427801903506,9323.852436767218,0.5425103134063431,0.06119256646137275,0,1,0.20714029274952,1
282,0.7719806239237023,0.25021897963009077,0.8523940612676861,0.8365173340134445,4101.598615033281,0.6640282810754998,0.15904218421054633,1,0,0.17641281992976876,0
283,0.7269340461533719,0.6431510779527608,0.7764875373094282,0.93043169804362,8887.344221802561,0.6686457616582497,0.314713238272364,0,0,0.28415650866627246,0
284,0.5168786859623699,0.33157970315912283,0.8153066772157317,0.6910475540593076,6090.625676182762,0.3636849486414743,0.054707159286223786,0,0,0.15234778082989825,0
285,0.6787089121016993,0.40215624915597314,0.7489343861257758,0.8748833160570131,5314.80467075547,0.4650274700687227,0.17601146973572995,1,0,0.0706235432371456,1
286,0.7395949031897036,0.3202955284292127,0.21754596348819183,0.756478437455177,1679.2869455701962,0.3433885186292002,0.20820295256316335,0,0,0.12548375528536926,0
287,0.5383749539797446,0.28925690953217076,0.43469850854436676,0.7969920089440182,9151.843480444397,0.6519885075110083,0.16503209749243458,0,0,0.20147346559081114,0
288,0.8384365727863358,0.2826346653162994,0.5841092149573013,0.7977984859985496,5610.952882886238,0.601285620814855,0.19226430739951603,0,0,0.11400627465177153,0
289,0.6913054676457855,0.3833450071158206,0.7225168797355037,0.6175790142082771,160.3148144184927,0.5350587886863175,0.09066294581897058,0,1,0.11724711295140845,0
290,0.6622345983248729,0.08076135377426959,0.42903626687223456,0.6933857368555317,281.0169565958038,0.516609486126021,0.14390909436480126,0,0,0.1348931210055877,0
291,0.9530844333205871,0.48802869877966115,0.9073262878703497,0.538181672260936,7798.562789678671,0.6380631100349474,0.21120273909278897,0,0,0.2365354449772638,0
292,0.9117725817612644,0.256084566007227,0.6816725083804754,0.831177517941611,1703.1698984460572,0.6211325194760139,0.20819978455507213,1,0,0.28503330857349035,0
293,0.3672726560486338,0.060227777016006144,0.3261948819950024,0.8629916131179958,6027.510512718638,0.6158044696656121,0.15135090619869146,1,0,0.137594158461945,0
294,0.9474610302609384,0.12112841043560126,0.9712448043153626,0.7317517662480442,6842.711423146405,0.545667985978226,0.1882814269946528,0,0,0.09887200994012298,1
295,0.8935073545047055,0.12753639958346627,0.6139788507712168,0.7096858614401619,2865.7193701901188,0.46507717004858373,0.0849976362041446,0,1,0.15515923804177578,0
296,0.6879472774190877,0.07081157871383402,0.6923013179883136,0.8795424723005862,5736.206703272983,0.5767124832017557,0.20080870740698176,0,0,0.13795992324490652,0
297,0.7205543627963114,0.27016215700040347,0.8495169315940037,0.8319742334744334,2478.5615852918395,0.5816041905255115,0.15737511042695615,0,1,0.297506228530794,1
298,0.5107362137982117,0.3287862967850544,0.6530021996912955,0.8651798089019657,9468.52273094271,0.480936253040804,0.553646045644835,0,0,0.16596706462949812,0
299,0.5670855936447506,0.18962146112072925,0.9107393377327934,0.7370855111498433,8615.684547856754,0.46487510811657584,0.059354161645787974,0,0,0.219820838202966,0
300,0.5323124690900989,0.18862027941691667,0.7440224300119784,0.8768906224410894,2951.6236358249444,0.6133313269558209,0.26936896676327227,0,1,0.2784470166612133,1
301,0.8211690553714198,0.10335361009493085,0.5697955238605367,0.8173200734234418,5335.263460408363,0.6664116108769607,0.25381453174057356,0,0,0.20726539434097085,0
302,0.7060027985476607,0.3438347524397487,0.8150873523656288,0.7404604294186027,5056.265285823666,0.4250604219085234,0.028937904177507186,0,1,0.11234461872996347,0
303,0.8134879619936586,0.5100831301914793,0.8192481614550596,0.6963501175917569,9604.230253705733,0.47366233245520256,0.18214336251273036,0,0,0.20185252383332009,1
304,0.8276775280998993,0.1827153135229866,0.39715198571339194,0.790308368195387,4000.8849238201547,0.5350933076454698,0.3288404624715826,1,0,0.150469084016279,0
305,0.880682425197216,0.18351266366795274,0.9619670331727554,0.7424647041653704,5666.0527907535115,0.5486598997748611,0.20463976627881147,0,0,0.15558746735970175,0
306,0.24373472678610877,0.39655505922779033,0.6683399104438542,0.6908202665107097,9294.195289385627,0.4477633640758706,0.37296034197351285,1,0,0.29483114534260124,0
307,0.7354260647497693,0.2770771668111213,0.709483143424908,0.9017659424918643,1711.8294066479257,0.6883520630344044,0.2746986001668223,0,1,0.11964775339871316,0
308,0.8515103098153034,0.15908526645648183,0.18954839572734947,0.8385175004747563,5549.807472455547,0.5422095265545172,0.1586318278053367,0,0,0.16723378661957772,0
309,0.9095315602397154,0.27130127822489036,0.6014875676460464,0.8738902205144589,1146.1619115821134,0.5531383408470553,0.013496890890431906,0,0,0.08996676142480008,0
310,0.8527380847514509,0.08317077018397578,0.7836074778230772,0.42321397348779966,6213.239425003156,0.6758884081511753,0.28609727505936944,0,0,0.0946360496713722,0
311,0.5675442263694066,0.18522386621342923,0.7470307429720751,0.8598241532575456,3720.263713531346,0.455093837475541,0.27581025498401157,0,0,0.20087110602145847,0
312,0.7248183507020433,0.1893707978147841,0.6044235169053627,0.749715972774177,9679.597124478047,0.4911568123557722,0.5015865051114994,0,0,0.23775392703817866,0
313,0.9501307783869979,0.3209489402315388,0.41107875069976046,0.8466871676134615,4212.55089337041,0.3746677770978371,0.3658699600457164,0,0,0.2091149684042113,0
314,0.31269110783166243,0.4592760301666039,0.693676401044942,0.48782540902699645,1448.2576116628975,0.48276495277464215,0.13039446920557085,0,0,0.13232099947574272,0
315,0.8451999083967555,0.34189015551057156,0.3797333845475897,0.6752724427548783,8356.599613191202,0.3511072476064637,0.2867017746438688,0,0,0.06490454314125495,0
316,0.8038680577608901,0.247179021520738,0.8718585311040313,0.7553193045147407,8226.58024508685,0.5747849354193172,0.2286092330502479,1,1,0.167565965537173,1
317,0.808829935863795,0.2921310295899771,0.34312725516870396,0.7607469278387694,6979.110233473566,0.5419996750069992,0.11169154751854504,1,1,0.176067413273491,0
318,0.6229829621918459,0.15542901118432254,0.850099062358354,0.762787280830559,7513.236838653857,0.472293069296146,0.1703925241912748,1,0,0.24266290198995466,0
319,0.5839139037749786,0.3559771715783029,0.5811788209719163,0.8850263844173281,2720.680655125128,0.48995762921821523,0.25152721098690395,0,0,0.2100723905729887,0
320,0.7648552000955653,0.5554252546261353,0.8861341846820872,0.7000212996429696,6456.329654185535,0.576146641518899,0.12217893506192344,1,1,0.2678146569002467,0
321,0.8667856388388007,0.2557472204743202,0.4988212701030577,0.748217492532309,476.3967249333969,0.3864203913110102,0.28872045371642713,0,0,0.2457457196737729,0
322,0.31981346669616884,0.364575406591268,0.402615439509149,0.6355929443730747,2049.2124245113423,0.5204167867452524,0.17756090040976485,0,0,0.1414694459527367,0
323,0.7615907220542305,0.14891385504464416,0.6851781784210187,0.8222002839768868,9329.566530775559,0.5699509806458745,0.37335640577190177,0,0,0.20805535588117458,0
324,0.8519184001934889,0.35773585230684496,0.8142564336887002,0.8528910344561711,7418.429441118321,0.32177259225927585,0.16522613403308856,1,0,0.23682163236378168,0
325,0.3191523730380002,0.42172364089847875,0.852861322262954,0.8226377028727145,2383.6581557936524,0.5684938005702019,0.05585212084924727,0,0,0.28922009229318624,1
326,0.8273162775312152,0.3477204159854178,0.5685267789944086,0.8188907105998415,1202.6925862409523,0.3325937536738433,0.20631165869036355,0,1,0.15558804065556148,0
327,0.33891906683528034,0.4753566474089294,0.4900635242451669,0.8463647716965371,9494.302504198165,0.48824055161484675,0.2853183513251425,0,0,0.212070498077784,0
328,0.2232053141321812,0.4171391415258014,0.46681064147511436,0.794399299091121,1210.6578939953142,0.38366088959047734,0.13707772382706418,1,0,0.14816595882040856,0
329,0.5739591300450076,0.3523902048537425,0.559151388893929,0.8945112069725111,2644.993475667757,0.6431246579290015,0.22734612126977416,0,1,0.23445704471744677,1
330,0.5117106359296963,0.29798767625466505,0.2817151288676324,0.6536354965624374,1908.0765306946257,0.38428789458476525,0.07851590597391199,1,0,0.2779982928276393,0
331,0.5974361234591821,0.295937401834981,0.6007456171563959,0.5619748487191188,173.89182207650282,0.3349810108034617,0.14420525945305468,1,0,0.27980650392989376,0
332,0.909563895143335,0.18638305705116842,0.7876773734698013,0.7083220704465474,3209.9342635706357,0.5133352141596316,0.10892483270923463,0,0,0.08927187934687751,0
333,0.9539644608706004,0.047424647896266166,0.680885336752318,0.934524314155141,9744.37082882775,0.4586297019979177,0.18866977562282206,1,0,0.10102414940521971,0
334,0.9113279501739421,0.40896245298927947,0.6801738958790221,0.569133532171784,3484.842727512629,0.34953947713360667,0.21506479080314922,1,0,0.23873236269744968,0
335,0.49393670301459586,0.3923607270190532,0.6913285781035042,0.9610228708131735,5092.618306730959,0.552581519915485,0.4759932465299262,0,0,0.2077524714856005,0
336,0.8160836984586628,0.42012931305738005,0.7138274020763968,0.6519154737546299,7484.764260825636,0.3008500937550321,0.04515683100037776,0,1,0.2762768217137387,0
337,0.8402281992794057,0.005733078329736931,0.43223874796797496,0.7568473701685229,5555.693010584239,0.3963759027416875,0.4891450781399941,1,0,0.12845013985388387,0
338,0.9290969043298187,0.127844616041713,0.6539980503334739,0.740385759561978,7461.555923381836,0.4424781729579215,0.14219623787856636,1,1,0.26200520278656575,1
339,0.6392208197082072,0.2527553252446449,0.7782622368164389,0.8612749179406987,6650.195095086101,0.5802222392155141,0.11724564186375558,1,0,0.22094396424596496,0
340,0.7000634917342872,0.2416613506549737,0.6486218306806137,0.83778244411709,6124.773927690247,0.6295468367013152,0.33402184835850385,0,0,0.09886407753914987,1
341,0.7288205955296234,0.38745832055644536,0.34705937220112665,0.7207441485446496,6531.5241813962775,0.6102782247327573,0.43031415949754276,1,0,0.08162359224890982,1
342,0.6949788542483282,0.2120965570238047,0.6169272176419176,0.9035742148464492,8011.727184574685,0.4846726209537767,0.43413961726588723,0,1,0.2256809005021519,1
343,0.5779575337138958,0.12003481608344366,0.81332877230717,0.9470317779337737,7130.894808530931,0.2572691755204844,0.4668438742135171,0,0,0.089615378181067,1
344,0.7030587023108892,0.5475617438071155,0.8145368263686832,0.8583174671628752,7938.571714981396,0.5390853021218559,0.03781316477703209,1,0,0.24858225993578703,0
345,0.47649394998415345,0.4431881479356844,0.8622039602117881,0.7619935621992389,1541.4166190069602,0.6470573739224613,0.25220762617897996,0,0,0.18927376003182933,0
346,0.5357561242865891,0.16650136031077942,0.5505029306327431,0.7988317508523242,6808.969953834349,0.6233790407813569,0.2145017769073227,1,0,0.16921676561569743,0
347,0.35609083717746687,0.4606326671302714,0.7030774954165834,0.7100932702986056,7396.516932022778,0.5462949009743719,0.3005735220071583,1,1,0.11888225898035491,0
348,0.8870254641888592,0.4047323301682273,0.6167756299005371,0.6452753872965431,3069.6676817186617,0.38104972356615474,0.16907013036768267,1,0,0.29596139873121496,0
349,0.4020659230929647,0.05567748048955752,0.6488139653323127,0.5555078279780384,8758.315545648495,0.4474692996371585,0.2684181145697488,0,0,0.23054177772763162,0
350,0.5146086619406572,0.17535362861683473,0.9479209036075301,0.7376309667593287,3116.644872696734,0.6933814398745675,0.09751572942639232,0,0,0.24451591179121923,0
351,0.9090145403628789,0.21134711787011398,0.8670578512107553,0.6872843204783017,2513.9379818273233,0.3583270465335866,0.28185099174320777,0,1,0.24217773191633457,0
352,0.7829659480730531,0.4086047981952608,0.9233509792590826,0.8875731021780012,8684.258473257061,0.3852158771849614,0.010872642098069797,0,0,0.19600389429414916,0
353,0.7044326174020107,0.26809364715306877,0.40411552782082977,0.8884217622486266,2545.496397352624,0.5942551551165284,0.10842067341309448,0,0,0.28492471048971946,0
354,0.4735550337360801,0.18548700949567662,0.3993391575115823,0.7328389983239604,4213.474378074821,0.4568840755194472,0.0829179336692838,0,0,0.1959553758456692,0
355,0.909574962013364,0.18073781621280613,0.7857909747048152,0.6926990743514361,3742.4360173645073,0.3818244877795378,0.2391981144290029,1,0,0.18001139627603735,0
356,0.8079390109198927,0.34381089671640375,0.7999300318255345,0.6763077455042932,8990.812043326896,0.6527971178723015,0.04207926507106153,0,0,0.11842761060571681,0
357,0.5011731976241286,0.1903758401888029,0.8486624421589778,0.982332409661147,4606.833809050846,0.546105597814514,0.06940177163319165,0,1,0.12043397996041837,0
358,0.4837101459014372,0.5450890308639817,0.940017827355215,0.6168427631076677,6973.658439632534,0.4618198835622822,0.10556179656210148,0,0,0.23422097649551088,1
359,0.898351898091948,0.48142270976533563,0.7294825711233612,0.8866671461978588,7960.985155973907,0.38542251641004843,0.2670006025374013,0,0,0.13369185540990136,0
360,0.5553902783007741,0.345379274456526,0.5555986384612974,0.6925298094550943,6316.2454493970445,0.7047406563859938,0.2252465536391382,0,1,0.23217768628666946,0
361,0.1736939297080235,0.3962390962160618,0.5668101749235265,0.9033994000622306,9442.575533416655,0.49755481812533925,0.22512243740670393,1,0,0.28817668970370625,0
362,0.5607997204087567,0.3219993424931282,0.949921923256219,0.5592825374973983,8044.82453963448,0.6397328062469494,0.17594598967747843,1,0,0.1598268591946897,0
363,0.5423295413312055,0.43256524539044344,0.8259990751591311,0.7335755863395896,4062.0456139811454,0.589363354460944,0.4438353368842335,0,0,0.07433141071991049,1
364,0.5915981295640389,0.22379889921232385,0.901277606016389,0.8643103705225085,9513.037248251063,0.4479098438336766,0.1533913038110347,0,0,0.21663662033235903,0
365,0.7172045383398266,0.6737597836713772,0.3035446194205745,0.6885509360848858,5293.290849386208,0.4487058885010219,0.3609079855117655,0,0,0.05238075792387141,1
366,0.6913820155850037,0.5973881930689063,0.8838411885850912,0.7574961327873969,323.51549715446936,0.644631489793392,0.11146765750076579,0,0,0.24675088031807418,0
367,0.5835638988773121,0.0193950899410976,0.4164518788047089,0.5303393683051542,2674.131468563678,0.6462517332619978,0.223304102867967,0,0,0.1814132792596796,0
368,0.9126292194615454,0.13427171241368896,0.7713692661550371,0.5237360175858496,6255.122911668939,0.31230840238792656,0.12992143022398817,0,0,0.17243305100216372,0
369,0.3338350850702013,0.3229230693911672,0.6952056938303959,0.8310733685975762,1652.4675330119237,0.5549780260982192,0.3176339185770465,0,0,0.19236054014442183,0
370,0.4679646146458821,0.41587382861196226,0.4182797054745112,0.8292873681579472,5882.2736444427155,0.48787851952763805,0.2723602183129935,1,0,0.17910213598367897,1
371,0.3037913902525436,0.13485627273762407,0.75155783363558,0.8307195811733438,3679.820420844545,0.3966676837061494,0.40214890073535514,0,0,0.13094431794900568,0
372,0.7377677060622154,0.4429156500963341,0.49524356440573775,0.8226810285606606,5390.4162525769125,0.5261746094717198,0.09109330449217781,0,1,0.12037722741981048,0
373,0.874634506501973,0.18164736838228268,0.6052820449443179,0.8866646793161581,118.56099394520344,0.36504032090136057,0.14042418060791118,0,0,0.1538243651559738,0
374,0.7556291105441654,0.30534933295205074,0.5312725641132435,0.8290847773158124,8499.371411220114,0.45335446453539,0.10366148075380419,1,1,0.2737273204788917,1
375,0.8166706790708971,0.2970037239290446,0.48587031962349264,0.8227086101172594,3683.062328977731,0.42015262672300324,0.04270040706109741,0,0,0.08384261494696076,0
376,0.8227821972219834,0.15200915375909635,0.8192797773360422,0.6329358853075583,1487.5684993517352,0.4500208735844001,0.06460692957294734,0,0,0.13119114917164582,0
377,0.6177644567272288,0.33001184959157853,0.7779245453724128,0.7864703090824408,4435.366984350291,0.4928521506338009,0.19575184259863104,0,1,0.0980751069873511,0
378,0.7834063107070113,0.18160439569100797,0.641065549635118,0.5586854144838328,4913.155205539458,0.39844333380945135,0.11718065842993503,0,0,0.1567842441843455,0
379,0.6666714086159611,0.11745895599922887,0.546067171919706,0.6084560510264847,6410.286833912271,0.6573179028873297,0.20925102861383732,0,1,0.0833746047807928,0
380,0.4416553057604806,0.039233186895554335,0.5637236516347466,0.5729209665192296,5293.168159487569,0.5493283233394125,0.1402616370771077,0,0,0.24019890347555806,0
381,0.8497054340504228,0.4090559561081836,0.8609728514954188,0.4812180167935848,530.8834624639201,0.6794563028382055,0.10335811855266193,0,0,0.07586684814614368,0
382,0.8356966463379447,0.3198706950305542,0.5914932297168383,0.7625183682523011,8727.97198856987,0.48399200309219803,0.21383390549151088,0,0,0.2163155234043177,0
383,0.744977288984004,0.30505189786646664,0.7830099968610944,0.8121126046381967,4619.438424690917,0.44512100377028907,0.11423373687724399,1,0,0.11692758121725587,0
384,0.784008672546456,0.12927425933665798,0.6227084578678062,0.48329753935235786,862.1789480767884,0.6758415614493029,0.10907187252884983,0,1,0.1680474992144157,0
385,0.7448852331823256,0.21071123045421367,0.46815675963666065,0.686366011428566,7750.999541638932,0.4421940260126015,0.053078594523772005,0,0,0.09999699042938535,0
386,0.7631071497120363,0.32720653135185457,0.6042567966329147,0.7349204601717226,6635.528745952375,0.4821707978010875,0.10863978065103103,0,0,0.23255591986892976,0
387,0.5844191988599687,0.1891132104578652,0.4145520375219201,0.572574895607747,6529.433950415296,0.5720047410497314,0.2365408121010438,1,1,0.2870689973170811,0
388,0.7253992202593316,0.5316399327434105,0.6104277774841755,0.8696148246670218,4326.4486171820545,0.37622741917027214,0.24022659832025026,0,0,0.10543632184824898,1
389,0.5445486313377339,0.39424138637452366,0.7693783391626058,0.923330207339567,4163.9209199477855,0.571129468479365,0.230273687019522,0,1,0.2882883019282071,1
390,0.7015895076012264,0.2708659382625261,0.8022396536014669,0.7175279409944467,5409.752500234694,0.5583347066164602,0.33981064978020487,0,0,0.1313184502528585,0
391,0.7275877241896763,0.3230578781798187,0.7698938828952085,0.7594854679383052,600.8846877011224,0.6269325318037833,0.03226107538743678,0,1,0.1894617917629754,0
392,0.9361674587691527,0.45131022521294967,0.36882923644800814,0.7611761674501382,3059.6818657574167,0.5890044503010141,0.13554585105636574,0,0,0.225397487771394,0
393,0.7183072292599665,0.5685185601117889,0.5295458251295244,0.637305372516991,9880.152318267497,0.6299978352877571,0.08071745223158552,0,1,0.09981715401629841,0
394,0.41895840393127864,0.5357500134321826,0.28297762679171107,0.6764474391397886,6655.7056423679505,0.488957809949159,0.10507330880500833,0,1,0.16119098435815693,0
395,0.7869227812649455,0.11374515495642042,0.849681676891832,0.38880664658663594,4247.448237631489,0.41373296812929394,0.02213544701516186,0,0,0.06695687016601252,0
396,0.9098367640021034,0.15743168428187254,0.5002580312905289,0.8823379453604437,2301.394719110485,0.7109985414083363,0.09903944102102061,0,0,0.224263444007005,0
397,0.8596584475206476,0.10972810800673151,0.7226809483307893,0.8325892582457783,7477.5726828123115,0.3473304384478033,0.17198520565422826,0,0,0.1541540299311196,0
398,0.7149907558540667,0.3958714782035534,0.6544008849846854,0.9541941735956015,2676.8740660912945,0.3573486921126192,0.210271967262816,0,0,0.27291113315989773,0
399,0.7413052635795458,0.4881638927590539,0.7116114920896882,0.666390269840363,1707.464028078324,0.5565128040508831,0.2682537883611906,0,0,0.11849797214328449,0
400,0.43044554286442593,0.18729851124584132,0.6160300811373532,0.6687629036012875,1629.6975123194438,0.6624986048177349,0.10181629631043762,0,0,0.2809003310809817,0
401,0.3508775428044211,0.2136583905901419,0.7517574935006754,0.8153976238652938,7319.706463730851,0.5189550845914165,0.33838854545784164,0,0,0.08525996117071126,0
402,0.8071733180358223,0.181913249490653,0.7139135364902165,0.5842698177430361,6463.821517458302,0.5999303699702206,0.42544229202351735,0,0,0.20174161650347083,0
403,0.7006058588137376,0.11802414239145231,0.566046653412036,0.877112246858728,791.080383775183,0.30041972725280414,0.44971377319412514,1,0,0.12695204496804474,1
404,0.9572356109360424,0.6666911149449901,0.4660639407817164,0.7950329045806991,1238.9238720858048,0.4500455037818863,0.4029134590556297,1,0,0.09544540273832185,1
405,0.6500961671220573,0.2529554795004154,0.6698664377776103,0.6592106925168368,6375.083986800413,0.3126052192856741,0.17559247710137327,1,0,0.07348429292979138,0
406,0.6814454667665334,0.3861467523376394,0.8039676337786587,0.673908957014172,5754.049408534374,0.578041095822866,0.15220786361491678,0,0,0.2139106397071725,0
407,0.7214027679195436,0.6360197808691825,0.5566087609970419,0.675221226380679,6891.390697680953,0.3452768673410985,0.06165850524309357,0,0,0.10829198331481137,0
408,0.6527825284350186,0.588753628865732,0.6851398903354696,0.6729572046522624,1862.5851927962935,0.37221811539673527,0.26570085094717,0,0,0.1932036030177619,0
409,0.6944339763047163,0.09254075952586457,0.38097641141456756,0.5078026458523134,7293.220271549954,0.5514025204961402,0.19394813229900798,0,0,0.2948546807088195,0
410,0.6381676299107665,0.24854112869854886,0.6777479438270868,0.9770418771038827,9367.355026572443,0.606182435201773,0.3790061792465687,0,0,0.12899045506988288,0
411,0.906190599941907,0.3372472939297104,0.5180656450687151,0.6346608729065462,6050.398113900868,0.48410318917707834,0.10741940255031772,0,0,0.058736069429182206,0
412,0.7531754832413106,0.5433630361092776,0.943508645749309,0.7895042080985664,2041.6871944635602,0.5570172504108509,0.21173533169666256,0,0,0.08570565359910513,0
413,0.5978164773797471,0.2941492475290517,0.3831812582358819,0.666286623884967,6827.484167312655,0.5537788166873092,0.15813055326987252,0,0,0.0798305023527927,0
414,0.6527979868008278,0.1144219544875706,0.8357475529910741,0.5248336909948939,3496.5086671060376,0.4784573140557528,0.15203378085101737,0,0,0.16582088180130894,0
415,0.4796239174410443,0.2386962524990934,0.3867120405396949,0.4002996693302514,587.948689218642,0.3905294517113751,0.4745923468999831,1,1,0.23616264241515683,0
416,0.5441596306001627,0.019830025344645383,0.7671254722923936,0.9013246775395517,3093.153083989735,0.5564891406884642,0.06694080391051178,1,1,0.1241110964454646,1
417,0.7151901834952435,0.3482087575010623,0.7377619966586776,0.7611484910857562,9065.292509306306,0.5613095690775083,0.14453760817049283,0,1,0.08646069271096081,1
418,0.707878529329659,0.3992984099604405,0.7097836481795493,0.6235554663756175,4170.279269742155,0.5894024403090259,0.15592901031717793,0,1,0.21019169158223172,0
419,0.559831440055432,0.26489286096592873,0.7443634791701311,0.8594101065571269,8660.186846507815,0.5312066424078897,0.21090419472551677,1,0,0.12529505221231063,0
420,0.895074548342146,0.4768919184591067,0.4016852852171811,0.8918665234366494,5135.727500875637,0.38315000865206733,0.07809344991164173,0,1,0.19379258732805815,0
421,0.787700506890219,0.13093234748941113,0.6914278931790263,0.6209738252848912,5218.08209070004,0.5690340161369181,0.28182208486583055,1,1,0.28344663991818797,0
422,0.7070377750294764,0.3702358356139075,0.3139852496032847,0.6900944123803864,151.6415785424539,0.49986189197716585,0.15015095628097835,1,0,0.12283673873163155,0
423,0.7097084094541635,0.19323605400053007,0.48396051441452576,0.8409311029299524,6407.330325560824,0.4517262555676657,0.31965801579561043,0,1,0.17812290362156713,0
424,0.6155477169861351,0.185522025134874,0.5431976538650541,0.8068879874849003,1167.3570658011604,0.47053641628062876,0.056079172699131465,0,1,0.2517029784078041,0
425,0.8596580396901654,0.17542222838985844,0.8071231623089977,0.8159396161189436,4839.609305352337,0.430974282160962,0.015932780957617333,0,1,0.22292952812440703,0
426,0.9719139006527765,0.36810776559971226,0.5518157073636237,0.9026739663479709,2677.136871015179,0.5888843778854429,0.14993994883475,0,0,0.23786954369479646,0
427,0.8330195999195039,0.3035094313269627,0.3824819207174088,0.48271341116897815,3984.5913617102174,0.35818852664199796,0.21641193871114991,0,0,0.24314234371402504,1
428,0.9736601163017279,0.2832839462024958,0.5666390679653898,0.6087017346668601,5417.065821101328,0.40065140651935816,0.06780249272781613,0,0,0.18497900508351078,0
429,0.7068796239649748,0.40356506217155436,0.921452500693135,0.299805503141995,243.19473455953104,0.4671227115328305,0.28667687011214116,0,0,0.18401552697556628,0
430,0.8855855947699018,0.2400491681024439,0.518234196820976,0.9414470086592008,2917.377474389066,0.6613750848239,0.27954466597656347,0,0,0.22972239511211184,1
431,0.2872986483300858,0.2458348666346274,0.7014077603739212,0.8843149693002134,9897.158149489462,0.6054280549092849,0.08328748934122183,1,0,0.22441206752838894,0
432,0.8198447320975922,0.55108838852732,0.9318036884090427,0.7578564934381047,668.2513456235401,0.33591591967527745,0.1397301211822002,0,0,0.21751441600742127,0
433,0.7447713675915282,0.12328043011452211,0.9776394929751547,0.7389436333247041,3261.9955327579464,0.6351347088752486,0.07115511485367985,1,0,0.1455336730356659,0
434,0.4106156634980701,0.1521129355553741,0.8459000256175115,0.8297839624581097,3282.0726021500177,0.6349420216983684,0.2563724537019466,0,0,0.2571356614012192,0
435,0.7017255582089057,0.5364367950795209,0.9460680478601458,0.9277786688181341,3855.9206172343497,0.3825991673977357,0.046043236973215954,0,0,0.10905072234272233,0
436,0.9471685097345517,0.43676467923316636,0.6776104275470228,0.7877238732352668,6879.331092579219,0.24785417294035547,0.04665760326354803,1,0,0.08893299158817806,0
437,0.6020418007800321,0.21043158559306677,0.9503176270253711,0.7178820797202156,2552.6636069613496,0.49277783776527573,0.08461470029603896,0,0,0.13629055477892538,0
438,0.8742662169735849,0.17768481483725296,0.5226388155005175,0.7544434154167382,4656.666506946923,0.6122424409299821,0.18106270424251852,0,1,0.113457810101239,0
439,0.5754928874560751,0.1853410985990859,0.889651685041764,0.8097229091979892,6484.149311839246,0.6591261969800202,0.0687052082721526,0,0,0.2157956280507891,0
440,0.8671125006065645,0.45639649644049946,0.5174818694389574,0.6439603121375291,3290.988377453027,0.412917273563875,0.266969996988831,1,1,0.10775446278749022,0
441,0.8323631328045745,0.23378672897871794,0.9122098116604206,0.5652879323408784,9492.84854698222,0.6751979104662965,0.2644583169948842,1,0,0.21412245958771725,0
442,0.5919016709083903,0.14229384806126608,0.7319509754890967,0.8451160718166547,9798.759085932545,0.27720676041832987,0.4125584554647754,0,0,0.17830569871019714,0
443,0.9138159510922769,0.4306210070311896,0.48030418930159446,0.8200499738850856,1284.7683201063603,0.46319493861707123,0.13405395480589344,0,0,0.08811251701881491,0
444,0.4919455728439719,0.11662809906980227,0.3203314697904817,0.44983001388843236,3503.8168555680204,0.45827893307842527,0.11194832088588597,0,1,0.11459906603025573,0
445,0.732062225340932,0.2235495702343372,0.4936268830840394,0.8523076469351175,2158.9234910841055,0.6152337024924303,0.4032494214786007,0,0,0.18043169607580573,0
446,0.8273546216668345,0.48730015844784513,0.8499118851369172,0.6948551556774621,1949.2169960154401,0.629830246593978,0.03537410920046653,0,0,0.23327632598092451,0
447,0.4301052858150432,0.3317653121571396,0.591519355172293,0.8123504412036493,4960.700399548968,0.5954223655433395,0.08920448938952501,0,0,0.14956291104366898,0
448,0.37409961987065443,0.6798164146743195,0.40514996429376776,0.5408375516949813,5681.888370535301,0.3649449951254105,0.3654204580766882,0,0,0.10820816054451,0
449,0.7804811859304996,0.2516193933947072,0.8079945193853564,0.4949529238034537,4313.955201916232,0.5862619031798922,0.18211239029756573,1,0,0.1237695522734472,0
450,0.7294584065386878,0.2387166431948093,0.9212086457010606,0.7512583687527685,2798.293243663871,0.5509041968593492,0.1331329618450551,0,0,0.07377929731834922,0
451,0.6207369716886131,0.20617953782842877,0.5083183982732353,0.5732778613078996,2858.3535851110323,0.3328765614720409,0.06389000246014682,0,0,0.05628737527255827,0
452,0.6972352037033246,0.39461325062525826,0.8142229948460803,0.45805296247948357,9922.068747773235,0.2932986171198313,0.11206763498015535,0,0,0.29328232799921355,0
453,0.4863698692554087,0.2843289319142035,0.32870728806329513,0.6421884820338786,9244.40600250348,0.6037989290020777,0.0759888683900796,1,1,0.07410248359147885,0
454,0.540014627889258,0.3684974516119727,0.6291900438374249,0.7976326973352786,851.398525794636,0.48199006990207555,0.30934106000711725,1,1,0.08122183627766251,0
455,0.5897373904622384,0.14082950297196037,0.6469762987357649,0.43186845049652345,6599.851454761643,0.37148179075451243,0.1682366985769275,0,1,0.2677410212699107,0
456,0.6969654531238993,0.4151718054271485,0.6154935639663294,0.9272723740154128,4623.088314099959,0.47918280712912315,0.14297190301737206,0,0,0.21587630892981452,0
457,0.8649451550117137,0.3618707774144651,0.2541780659921015,0.8688413751230029,6919.2595622717035,0.5364041081113202,0.23045375437189528,0,0,0.1590181328113316,0
458,0.6793905101601581,0.29981009950250237,0.83052966916138,0.6575755129870013,6009.910984851479,0.4917148873332453,0.08333962849559404,1,0,0.21225585143146236,0
459,0.782017764963067,0.185467670107658,0.7371004391249203,0.7897519550105023,8903.598760815932,0.34480138468739135,0.174611429523795,0,0,0.2837462058826026,0
460,0.6392729888278003,0.5248502072402792,0.7797042305931556,0.6515474901127423,763.1843114593677,0.688555690356411,0.15094547735096794,0,0,0.07484432785892649,0
461,0.922867280532673,0.4075778930798726,0.6169325078858897,0.7408804839195202,3561.0193293712846,0.6004217968987892,0.25480604225274317,0,1,0.11092775679383306,0
462,0.497097995207563,0.3227699538963616,0.688572464035217,0.6279447801104853,9856.391845178288,0.46646225483265324,0.1790635883268962,1,1,0.2650751008676852,0
463,0.6580786491095458,0.09020166976793255,0.5932662704064675,0.7396234638976087,1904.624955007106,0.47049053440977123,0.21162389216473576,0,0,0.24515983632527677,0
464,0.49376030631210155,0.30936001520050965,0.8634502124506542,0.8681036246462385,1360.6010511158074,0.5359487394713176,0.42746610422568027,0,0,0.2985641803892977,0
465,0.7836356197746445,0.3151424066735618,0.598231012289841,0.7947334946145462,7316.822859405696,0.38703786042596683,0.007864128701339498,0,0,0.1284772037680481,1
466,0.7941908452129394,0.18178058170327144,0.9082220888966285,0.6156413289337573,7796.608084172889,0.5322676436536968,0.04492663590551425,0,1,0.2862215992846363,0
467,0.7597298980279014,0.19818434827239964,0.7399664608031459,0.7103526813046309,6755.5081219791355,0.3669267563139234,0.08778404400894432,0,0,0.13592220782375103,0
468,0.8657342151779412,0.4440605882848272,0.5737668420726981,0.9526391225213363,7784.338704723261,0.4929465783154834,0.041958387960819646,0,0,0.2287732977963733,1
469,0.2470233753908462,0.26657501181876125,0.6781241915461254,0.5326237460754096,6967.843563722405,0.3831428500143141,0.09519833469293836,0,0,0.2706857369053966,1
470,0.31532625617808324,0.13492744429620201,0.6104472915890533,0.8201879198514878,1444.12975466285,0.38819160176732853,0.023250891404400263,0,1,0.09269552381459044,0
471,0.7060772935227919,0.25299254786609526,0.6509465877931491,0.5834432971151507,6121.39678503722,0.664572261361821,0.08971210891214196,0,0,0.10140966375880008,0
472,0.6741724506050861,0.10202584889243675,0.5522197911934419,0.799711122758721,7791.079157339372,0.5059225894284554,0.33524686153563765,1,0,0.19523966200808668,0
473,0.9562127765384946,0.2335703065565748,0.5865523078001528,0.6156032352780729,8668.614402612231,0.5207406485401168,0.0758755884138949,0,0,0.2609561925088785,0
474,0.6024495356853057,0.7523691317255372,0.7636706859593563,0.6842998513763465,2537.728902568706,0.2988620138918677,0.22927821697279244,0,0,0.06973738380552792,0
475,0.43843091122407407,0.2875756600341645,0.6806317538608408,0.6916869084590119,1361.5645332915317,0.4402998241478952,0.3452716315530532,1,0,0.26272020243897587,0
476,0.8847043940779047,0.3570659270153314,0.719800653904993,0.47232967718953894,7832.795391467538,0.5461212118704347,0.1900636564852475,1,0,0.13578013238627412,0
477,0.6851193283594363,0.2810867279137377,0.8224381116045492,0.9663834039900194,2639.8286158530873,0.5194136265947505,0.04478221302920624,0,0,0.15155665349312547,0
478,0.6346433203196982,0.11608239729284513,0.5225705282207446,0.7575207033257857,416.10183537678455,0.28459701786462943,0.2776571612489145,0,0,0.134965273921889,1
479,0.39045178983735407,0.2758436209032353,0.6661711182338476,0.9714031294180336,8269.614280128111,0.5207137916657081,0.06737425768970069,0,1,0.2778699761519219,0
480,0.9318439564503789,0.2531039231891923,0.6195493797204711,0.822113262605068,5109.312224727514,0.5366558803549689,0.12751441084117426,1,1,0.08269858164570977,1
481,0.4994430632398667,0.5214415763087134,0.2824033924611175,0.6947092616540329,3333.668011041377,0.6283761998198699,0.395941291940607,0,0,0.19356862029408584,0
482,0.4930540844978275,0.1971316904950678,0.53172376215829,0.7835598523012226,213.14814179233673,0.4344768881061657,0.041648097965174456,0,1,0.08702702015644793,0
483,0.9406547280329052,0.46730208783578175,0.6678119266085945,0.6254881126155192,449.7417026086821,0.2757931279864329,0.2666058106718951,0,1,0.2821486575237103,0
484,0.6366693335782755,0.1648588595425525,0.9034548860499043,0.6583930912705321,7946.970378546917,0.40032292481948445,0.16685618351098203,0,0,0.24948282838390484,1
485,0.8427013674568324,0.34627895256942637,0.4881400681174339,0.9544764816473924,4948.088261152158,0.3902934961131443,0.16789983978500553,0,0,0.10845481856526946,0
486,0.3377532323123598,0.10780517158498495,0.3007362328907357,0.8203406034165656,1582.2482880349555,0.5736708877779975,0.10924727054340803,0,1,0.12444456702203839,0
487,0.8450051539368766,0.36800815608867454,0.6850714724893399,0.8158457808423527,3649.2057097652796,0.2283263411604682,0.37536893520462955,1,0,0.14537883199066937,1
488,0.8360184689859648,0.16527272514934366,0.9600180965723119,0.5876560842646223,1736.5209606214767,0.4551643539927378,0.19701077103166229,0,0,0.15135441882385914,0
489,0.7837380425278836,0.06371100022607641,0.8151271737048584,0.8161236390411969,1217.5273764858275,0.6425795473577255,0.3170923406253797,0,0,0.2543357146580138,0
490,0.6374362139125208,0.14940637594341583,0.562650657886889,0.830886427491076,2835.447424674022,0.5007212462833635,0.0447484419862145,0,0,0.1911333388272976,0
491,0.6052091139328748,0.34296452542809697,0.5798239636562083,0.6452894866780033,5540.134619877735,0.5896316816176423,0.007881466107475444,1,0,0.15698732872293203,0
492,0.44875521447997424,0.2845906657609479,0.5615280826849499,0.8868325333596317,2179.065417341046,0.3358201666448912,0.3031054543477644,1,1,0.2298611642340882,0
493,0.7689903467305894,0.07133926611529814,0.762715419034706,0.7921944612131483,3502.343704719194,0.3398010486793677,0.18919012254191808,0,0,0.16446621908595166,0
494,0.8476957240112724,0.33779214289049736,0.8487889754223624,0.8335065701369028,4831.51575116895,0.6437242457845235,0.048128376391343895,1,1,0.08206000422119762,0
495,0.7584116474732343,0.262808837457445,0.755917815021164,0.8635288605414364,4258.294417913204,0.5101215365757253,0.24028077375974088,0,0,0.07687229606738209,0
496,0.8754004911258313,0.15506927531211104,0.9768792305906219,0.8408733219854094,1373.4152113007674,0.5103274362209144,0.36229315353139263,0,1,0.13148916994879295,0
497,0.6466784494840253,0.19417269738993592,0.6378380076620627,0.8248032627168628,484.7697918052929,0.3881847171893003,0.14178021576149946,1,1,0.20071755940379304,0
498,0.7820352816568402,0.2949918217709224,0.8549143495254072,0.9524579492091844,451.04139679449537,0.5100781728950231,0.30835143050350927,1,1,0.08371033191205861,0
499,0.9225344464278629,0.25652915853777863,0.6791301461542301,0.9298139967441571,3566.7722784758867,0.38540624316599037,0.3296061496550243,0,0,0.18753354267435185,0
500,0.5939605891669693,0.17830078176976857,0.57435006624843,0.8252657852423906,7216.140577519496,0.618687044890565,0.11785219091249258,0,1,0.11740241120218338,0
